35020405,2001 Roosevelt Avenue,Springfield,MA,01104
4200205,21 Notre Dame Avenue,Cambridge,MA,02140
350541,612 Metropolitan Av,Hyde Park,MA,02136
350390,380 Shawmut Avenue,Boston,MA,02118
350548,20 Church St,Back Bay,MA,02116
350558,655 Metropolitan Ave,Hyde Park,MA,02136
350507,100 Maxwell St,Dorchester,MA,02124
350505,25 Warren Street,Brighton,MA,02135
350054,1060 Morton Street,Mattapan,MA,02126
350052,15 Basile Street,Roslindale,MA,02131
350515,240 Medford Street,Charlestown,MA,02129
350430,28 Walker Street,Charlestown,MA,02129
350581,11 Charles Street,Dorchester,MA,02122
350072,302 Walnut Avenue,Roxbury,MA,02119
350074,60 Washington St,Dorchester,MA,02121
350080,122 Cottage Street,East Boston,MA,02128
350651,11 Charles St,Dorchester,MA,02125
350008,108 Babson Street,Mattapan,MA,02126
350006,200 Heath Street,Jamaica Plain,MA,02130
350088,71 Pleasant Street,Dorchester,MA,02125
350540,67 Alleghany St,Roxbury,MA,02120
350543,80 School St,Roxbury,MA,02119
350200,50 Bunker Hill Street,Charlestown,MA,02129
350010,263 Blue Hill Avenue,Roxbury ,MA,02119
350135,40 Gordon Avenue,Hyde Park,MA,02136
350015,160 Harrishof Street,Roxbury,MA,02119
350377,131 Walnut Avenue,Roxbury,MA,02119
350141,33 Trenton Street,East Boston,MA,02128
350013,40 Armington Street,Allston,MA,02134
350154,154 Ruskindale Road,Mattapan,MA,02126
350485,205 Roxbury Street,Roxbury,MA,02119
350153,200 Heath Street,Jamaica Plain,MA,02130
350525,60 Washington Street,Dorchester,MA,02121
350166,7 Bolster Street,Jamaica Plain,MA,02130
350179,315 Mt Vernon Street,Dorchester,MA,02125
350180,35 Brookford Street,Dorchester,MA,02125
350183,155 Talbot Avenue,Dorchester,MA,02124
350286,885 Washington Street,Boston,MA,02111
350376,77 Lawrence Avenue,Dorchester,MA,02121
350001,25 Dunbar Avenue,Dorchester,MA,02124
350383,270 Columbia Road,Dorchester,MA,02121
350537,75 Malcolm X Blvd,Roxbury,MA,02120
350549,20 Child Street,Boston,MA,02130
350656,312 Border Street,East Boston,MA,02128
350227,1 Parish Street,Dorchester,MA,02122
350229,40 Smith St,Roxbury,MA,02120
350378,5 Mildred Avenue,Mattapan,MA,02126
350243,51 Cedar Street,Roxbury,MA,02119
350542,655 Metropolitan Ave,Hyde Park,MA,02136
350138,40 School Street,Dorchester,MA,02124
350257,906 Albany Street,Roxbury,MA,02119
350264,343 Saratoga Street,East Boston,MA,02128
350268,325 Mt Vernon Street,Dorchester,MA,02125
350014,429 Norfolk Street,Dorchester,MA,02124
350565,152 Arlington Street,Boston,MA,02116
350691,61 School Street,Roxbury,MA,02119
350304,150 Norfolk Avenue,Roxbury,MA,02119
350308,189 Glenway Street,Dorchester,MA,02121
350690,150 Newbury Street,Boston,MA,02116
350657,9 Peacevale Road,Dorchester,MA,02124
350535,144 McBride Street,Jamaica Plain,MA,02130
350328,19 Oakton Avenue,Dorchester,MA,02122
350167,85 Olney Street,Dorchester,MA,02121
350579,1205 V.F.W. Parkway,West Roxbury,MA,02132
350445,105 Cummins Highway,Roslindale,MA,02131
350366,750 Columbia Road,Dorchester,MA,02125
350360,35 Sunnyside Street,Hyde Park,MA,02136
350370,135 Humboldt Avenue,Dorchester,MA,02121
350380,20 Outlook Road,Mattapan,MA,02126
4240505,20 Kearsarge Ave,Roxbury,MA,02119
4110305,20 Warren St.,Brighton,MA,02135
4160305,885 River Street,Hyde Park,MA,02136
4810550,1415 Hyde Park Ave,Hyde Park,MA,02136
4170205,2 McLellan Street,Dorchester,MA,02121
440055,150 Clinton Street,Brockton,MA,02302
440078,125 Oak Street,Brockton,MA,02301
4280305,190 Cummins Highway,Roslindale,MA,02131
570505,299 Everett Avenue,Chelsea,MA,02150
570050,8 Clark Avenue,Chelsea,MA,02150
570030,300 Crescent Avenue,Chelsea,MA,02150
570045,180 Walnut Street,Chelsea,MA,02150
570040,300 Crescent Avenue,Chelsea,MA,02150
570035,300 Crescent Avenue,Chelsea,MA,02150
570055,180 Walnut Street,Chelsea,MA,02150
4370505,58 Circuit Street,Roxbury,MA,02119
35040505,2179 Washington Street,Roxbury ,MA,02119
4380505,637 Washington Street,Dorchester,MA,02124
4360305,245 Bent Street,Cambridge,MA,02141
4260205,50 Pleasant Street,Lawrence,MA,01841
4400205,190 Hampshire Street,Lawrence,MA,01840
4310205,50 Pleasant Street,Lawrence,MA,01841
4070405,6 Shirley Street,Boston,MA,02119
4520505,360 Huntington Avenue,Boston,MA,02115
4190305,23 Leonard Street,Boston,MA,02122
1370070,156 Cabot Street,Holyoke,MA,01040
1370040,216 West Street,Holyoke,MA,01040
1370025,596 South Bridge Street,Holyoke,MA,01040
1370030,1916 Northampton Street,Holyoke,MA,01040
1370605,1045 Main Street,Holyoke,MA,01040
4530005,2200 Northampton St,Holyoke,MA,01040
4630205,37 Babson Street,Mattapan,MA,02126
4290010,90 High Rock Street,Lynn,MA,01902
1490015,135 Butler Street,Lawrence,MA,01841
1490017,150 Arlington Street,Lawrence,MA,01841
1490009,150 Arlington Street,Lawrence,MA,01841
1490053,255 E Haverhill Street,Lawrence,MA,01841
1490080,75 Newton Street,Lawrence,MA,01843
1490040,100 Erving Avenue,Lawrence,MA,01841
1490022,80 Bodwell Street,Lawrence,MA,01841
1490025,80 Bodwell St,Lawrence,MA,01841
1490536,233 Haverhill Street,Lawrence,MA,01840
1490020,122 Hancock Street,Lawrence,MA,01841
1490003,114 Osgood Street,Lawrence,MA,01843
1490075,59 Alder Street,Lawrence,MA,01841
1490002,41 Lexington Street,Lawrence,MA,01841
1490011,526 Lowell Street,Lawrence,MA,01841
1490048,183 Haverhill Street,Lawrence,MA,01840
1490027,255 East Haverhill Street,Lawrence,MA,01841
1490540,15 Union Street,Lawrence,MA,01841
1490004,165 Crawford Street,Lawrence,MA,01843
1490085,165 Crawford Street,Lawrence,MA,01843
1490090,60 Allen Street,Lawrence,MA,01841
1490049,233 Haverhill Street,Lawrence,MA,01840
4540205,34 West Street,Lawrence,MA,01841
1600080,350 Adams Street,Lowell,MA,01854
4560050,206 Jackson Street,Lowell,MA,01852
1630035,40 Franklin Street,Lynn,MA,01902
1630045,21 Dexter Street,Lynn,MA,01902
1630060,1 Collins Street Terrace,Lynn,MA,01902
1630050,49 Hollingsworth St,Lynn,MA,01902
1630100,35 Walnut Street,Lynn,MA,01905
1630005,58 Blossom Street,Lynn,MA,01902
1630040,50 Elm Street,Lynn,MA,01905
4690505,1001 Commonwealth Avenue,Boston,MA,02215
4920005,285 Dorset Street,Springfield,MA,01108
35080505,65 Lincoln Street,Springfield,MA,01105
4930505,175 Hawthorne Street,Chelsea,MA,02150
4860105,51 Gage Street,Worcester,MA,01605
2810025,471 Plainfield Street,Springfield,MA,01107
2810365,355 Plainfield Street,Springfield,MA,01107
2810010,426 Armory Street,Springfield,MA,01104
2810030,433 Walnut Street,Springfield,MA,01105
2810325,46 Oakland Street,Springfield,MA,01108
2810195,200 Birnie Avenue,Springfield,MA,01107
2810510,415 State Street,Springfield,MA,01105
2810085,43 Homer Street,Springfield,MA,01109
2810366,355 Plainfield Street,Springfield,MA,01107
2810110,31 Kensington Avenue,Springfield,MA,01108
2810120,732 Chestnut Street,Springfield,MA,01107
2810023,22 Mulberry Street,Springfield,MA,01105
2810055,55 Catherine Street,Springfield,MA,01109
2810355,36 Margaret Street,Springfield,MA,01105
2810570,"Dickenson Bldg, 37 Alderman Street",Springfield,MA,01108
2810530,1250 State Street,Springfield,MA,01109
2810345,118 Alden Street,Springfield,MA,01109
2810185,141 Washington Street,Springfield,MA,01108
2810190,300 White Street,Springfield,MA,01108
2810045,670 Union Street,Springfield,MA,01109
4800405,215 Dorchester Street,South Boston,MA,02127
35050405,35 Westville Street,Boston,MA,02124
4980405,370 Pine Street,Springfield,MA,01105
3480350,15 Claremont Street,Worcetser,MA,01610
3480030,93 Woodland Street,Worcester,MA,01610
